epoch,loss,lr 0,val_loss
0,0.061871598475300195,0.24388230925431273,0.04738759386940787
1,0.03302738347471355,0.22612807921189657,0.03772489595554416
2,0.028291268161562987,0.19847521761029768,0.034723066327689296
3,0.024651968406135854,0.16363057921189655,0.03228912528074739
