epoch,accuracy,loss,lr 0
0,0.8018318965517242,0.4267095981743829,0.24388230925431273
1,0.9787715517241379,0.07549514932365253,0.22612807921189657
2,0.9851293103448275,0.05133719299117039,0.19847521761029768
3,0.9872844827586207,0.041722831669552575,0.16363057921189655
4,0.990301724137931,0.032374265841368974,0.125005
